FIRST,MIDDLE,LAST,SUFFIX,NAME,TITLE,COMPANY,DEPARTMENT,SLUG,ADDRESS2,ADDRESS,CITY,ST,ZIP,COUNTRY
,,,,,,,,,,,,,,
VICTORIA,,GAU,,VICTORIA GAU,,CAPITAL CITY SYMPHONY,,,,C/O ATLAS PERFORMING ARTS CENTER 1333 H STREET NE,WASHINGTON,DC,20002,
,,,,,,,,,,,,,,
DAVID,J.L.,FISK,,DAVID J.L. FISK,,CHARLOTTE SYMPHONY,,,,FIRST CITIZENS BANK PLAZA 128 SOUTH TRYON STREET SUITE 350,CHARLOTTE,NC,28202,
,,,,,,,,,,,,,,
CHRISTOPHER,,WARREN-GREEN,,CHRISTOPHER WARREN-GREEN,,CHARLOTTE SYMPHONY,,,,FIRST CITIZENS BANK PLAZA 128 SOUTH TRYON STREET SUITE 350,CHARLOTTE,NC,28202,
,,,,,,,,,,,,,,
ELAINE,,RINALDI,,ELAINE RINALDI,,ORCHESTRA MIAMI,,,,PO BOX 7598,MIAMI,FL,33255,
,,,,,,,,,,,,,,
